  569,  602
  570,  602
  571,  602
  572,  602
  573,  602
  574,  602
  575,  602
  576,  602
  577,  602
  578,  602
  579,  602
  580,  602
  581,  602
  582,  602
  583,  602
  584,  602
  585,  602
  586,  602
  587,  602
  588,  602
  589,  602
  590,  602
  591,  602
  592,  602
  593,  602
  594,  602
  595,  602
  596,  602
  597,  602
  598,  602
  599,  602
  600,  602
  601,  602
  602,  602
  603,  602
  604,  602
  605,  602
  606,  602
  607,  602
  608,  602
  609,  602
  610,  602
  611,  602
  612,  602
  613,  602
  614,  602
  615,  602
  616,  602
  617,  602
  618,  602
  619,  602
  620,  602
  621,  602
  622,  602
  623,  602
  624,  602
  625,  602
  626,  602
  627,  602
  628,  602
  629,  602
  630,  602
  631,  602
  632,  602
  633,  602
  634,  602
  635,  602
  636,  602
  637,  602
  638,  602
  639,  602
  640,  602
  641,  602
  642,  602
  643,  602
  644,  602
  645,  602
  646,  602
  647,  602
  648,  602
  649,  602
  650,  602
  651,  602
  652,  602
  653,  602
  654,  602
  655,  602
  656,  602
  657,  602
  658,  602
  659,  602
  660,  602
  661,  602
  662,  602
  663,  602
  664,  602
  665,  602
  666,  602
  667,  602
  668,  602
  669,  602
  670,  602
  671,  602
  672,  602
  673,  602
  674,  602
  675,  602
  676,  602
  677,  602
  678,  602
  679,  602
  680,  602
  681,  602
  682,  602
  683,  602
  684,  602
  685,  602
  686,  602
  687,  602
  688,  602
  689,  602
  690,  602
  691,  602
  692,  602
  693,  602
  694,  602
  695,  602
  696,  602
  697,  602
  698,  602
  699,  602
  700,  602
  701,  602
  702,  602
  703,  602
  704,  602
  705,  602
  706,  602
  707,  602
  708,  602
  709,  602
  710,  602
  711,  602
  712,  602
  713,  602
  714,  602
  715,  602
  716,  602
  717,  602
  718,  602
  719,  602
  720,  602
  721,  602
  722,  602
  723,  602
  723,  601
  723,  600
  723,  599
  723,  598
  723,  597
  723,  596
  723,  595
  723,  594
  723,  593
  723,  592
  723,  591
  723,  590
  723,  589
  723,  588
  723,  587
  723,  586
  723,  585
  723,  584
  723,  583
  723,  582
  723,  581
  723,  580
  723,  579
  723,  578
  723,  577
  723,  576
  723,  575
  723,  574
  723,  573
  723,  572
  723,  571
  723,  570
  723,  569
  723,  568
  723,  567
  723,  566
  723,  565
  723,  564
  723,  563
  723,  562
  723,  561
  723,  560
  723,  559
  723,  558
  723,  557
  723,  556
  723,  555
  723,  554
  723,  553
  723,  552
  723,  551
  723,  550
  723,  549
  723,  548
  723,  547
  723,  546
  723,  545
  723,  544
  723,  543
  723,  542
  723,  541
  723,  540
  723,  539
  723,  538
  723,  537
  723,  536
  723,  535
  723,  534
  723,  533
  723,  532
  723,  531
  723,  530
  723,  529
  723,  528
  723,  527
  723,  526
  723,  525
  723,  524
  723,  523
  723,  522
  723,  521
  723,  520
  723,  519
  723,  518
  723,  517
  723,  516
  723,  515
  723,  514
  723,  513
  723,  512
  723,  511
  723,  510
  723,  509
  723,  508
  723,  507
  723,  506
  723,  505
  723,  504
  723,  503
  723,  502
  723,  501
  723,  500
  723,  499
  723,  498
  723,  497
  723,  496
  723,  495
  723,  494
  723,  493
  723,  492
  723,  491
  723,  490
  723,  489
  723,  488
  723,  487
  723,  486
  723,  485
  723,  484
  723,  483
  723,  482
  723,  481
  723,  480
  723,  479
  723,  478
  723,  477
  723,  476
  723,  475
  723,  474
  723,  473
  723,  472
  723,  471
  723,  470
  723,  469
  723,  468
  723,  467
  723,  466
  723,  465
  723,  464
  723,  463
  723,  462
  723,  461
  723,  460
  723,  459
  723,  458
  723,  457
  723,  456
  723,  455
  723,  454
  723,  453
  723,  452
  723,  451
  723,  450
  723,  449
  723,  448
  723,  447
  723,  446
  723,  445
  723,  444
  723,  443
  723,  442
  723,  441
  723,  440
  723,  439
  723,  438
  723,  437
  723,  436
  723,  435
  722,  435
  721,  435
  720,  435
  719,  435
  718,  435
  717,  435
  716,  435
  715,  435
  714,  435
  713,  435
  712,  435
  711,  435
  710,  435
  709,  435
  708,  435
  707,  435
  706,  435
  705,  435
  704,  435
  703,  435
  702,  435
  701,  435
  700,  435
  699,  435
  698,  435
  697,  435
  696,  435
  695,  435
  694,  435
  693,  435
  692,  435
  691,  435
  690,  435
  689,  435
  688,  435
  687,  435
  686,  435
  685,  435
  684,  435
  683,  435
  682,  435
  681,  435
  680,  435
  679,  435
  678,  435
  677,  435
  676,  435
  675,  435
  674,  435
  673,  435
  672,  435
  671,  435
  670,  435
  669,  435
  668,  435
  667,  435
  666,  435
  665,  435
  664,  435
  663,  435
  662,  435
  661,  435
  660,  435
  659,  435
  658,  435
  657,  435
  656,  435
  655,  435
  654,  435
  653,  435
  652,  435
  651,  435
  650,  435
  649,  435
  648,  435
  647,  435
  646,  435
  645,  435
  644,  435
  643,  435
  642,  435
  641,  435
  640,  435
  639,  435
  638,  435
  637,  435
  636,  435
  635,  435
  634,  435
  633,  435
  632,  435
  631,  435
  630,  435
  629,  435
  628,  435
  627,  435
  626,  435
  625,  435
  624,  435
  623,  435
  622,  435
  621,  435
  620,  435
  619,  435
  618,  435
  617,  435
  616,  435
  615,  435
  614,  435
  613,  435
  612,  435
  611,  435
  610,  435
  609,  435
  608,  435
  607,  435
  606,  435
  605,  435
  604,  435
  603,  435
  602,  435
  601,  435
  600,  435
  599,  435
  598,  435
  597,  435
  596,  435
  595,  435
  594,  435
  593,  435
  592,  435
  591,  435
  590,  435
  589,  435
  588,  435
  587,  435
  586,  435
  585,  435
  584,  435
  583,  435
  582,  435
  581,  435
  580,  435
  579,  435
  578,  435
  577,  435
  576,  435
  575,  435
  574,  435
  573,  435
  572,  435
  571,  435
  570,  435
  569,  435
  568,  435
  567,  435
  566,  435
  565,  435
  564,  435
  563,  435
  562,  435
  561,  435
  560,  435
  559,  435
  558,  435
  557,  435
  556,  435
  555,  435
  554,  435
  553,  435
  552,  435
  551,  435
  550,  435
  549,  435
  548,  435
  547,  435
  546,  435
  545,  435
  544,  435
  543,  435
  542,  435
  541,  435
  540,  435
  539,  435
  538,  435
  537,  435
  536,  435
  535,  435
  534,  435
  533,  435
  532,  435
  531,  435
  530,  435
  529,  435
  528,  435
  527,  435
  526,  435
  525,  435
  524,  435
  523,  435
  522,  435
  521,  435
  520,  435
  519,  435
  518,  435
  517,  435
  516,  435
  515,  435
  514,  435
  513,  435
  512,  435
  511,  435
  510,  435
  509,  435
  508,  435
  507,  435
  506,  435
  505,  435
  504,  435
  503,  435
  502,  435
  501,  435
  500,  435
  499,  435
  498,  435
  497,  435
  496,  435
  495,  435
  494,  435
  493,  435
  492,  435
  491,  435
  490,  435
  489,  435
  488,  435
  487,  435
  486,  435
  485,  435
  484,  435
  483,  435
  482,  435
  481,  435
  480,  435
  479,  435
  478,  435
  477,  435
  476,  435
  475,  435
  474,  435
  473,  435
  472,  435
  471,  435
  470,  435
  469,  435
  468,  435
  467,  435
  466,  435
  465,  435
  464,  435
  463,  435
  462,  435
  461,  435
  460,  435
  459,  435
  458,  435
  457,  435
  456,  435
  455,  435
  454,  435
  453,  435
  452,  435
  451,  435
  450,  435
  449,  435
  448,  435
  447,  435
  446,  435
  445,  435
  444,  435
  443,  435
  442,  435
  441,  435
  440,  435
  439,  435
  438,  435
  437,  435
  436,  435
  435,  435
  434,  435
  433,  435
  432,  435
  431,  435
  430,  435
  429,  435
  428,  435
  427,  435
  426,  435
  425,  435
  424,  435
  423,  435
  422,  435
  421,  435
  420,  435
  419,  435
  418,  435
  417,  435
  416,  435
  415,  435
  415,  436
  415,  437
  415,  438
  415,  439
  415,  440
  415,  441
  415,  442
  415,  443
  415,  444
  415,  445
  415,  446
  415,  447
  415,  448
  415,  449
  415,  450
  415,  451
  415,  452
  415,  453
  415,  454
  415,  455
  415,  456
  415,  457
  415,  458
  415,  459
  415,  460
  415,  461
  415,  462
  415,  463
  415,  464
  415,  465
  415,  466
  415,  467
  415,  468
  415,  469
  415,  470
  415,  471
  415,  472
  415,  473
  415,  474
  415,  475
  415,  476
  415,  477
  415,  478
  415,  479
  415,  480
  415,  481
  415,  482
  415,  483
  415,  484
  415,  485
  415,  486
  415,  487
  415,  488
  415,  489
  415,  490
  415,  491
  415,  492
  415,  493
  415,  494
  415,  495
  415,  496
  415,  497
  415,  498
  415,  499
  415,  500
  415,  501
  415,  502
  415,  503
  415,  504
  415,  505
  415,  506
  415,  507
  415,  508
  415,  509
  415,  510
  415,  511
  415,  512
  415,  513
  415,  514
  415,  515
  415,  516
  415,  517
  415,  518
  415,  519
  415,  520
  415,  521
  415,  522
  415,  523
  415,  524
  415,  525
  415,  526
  415,  527
  415,  528
  415,  529
  415,  530
  415,  531
  415,  532
  415,  533
  415,  534
  415,  535
  415,  536
  415,  537
  415,  538
  415,  539
  415,  540
  415,  541
  415,  542
  415,  543
  415,  544
  415,  545
  415,  546
  415,  547
  415,  548
  415,  549
  415,  550
  415,  551
  415,  552
  415,  553
  415,  554
  415,  555
  415,  556
  415,  557
  415,  558
  415,  559
  415,  560
  415,  561
  415,  562
  415,  563
  415,  564
  415,  565
  415,  566
  415,  567
  415,  568
  415,  569
  415,  570
  415,  571
  415,  572
  415,  573
  415,  574
  415,  575
  415,  576
  415,  577
  415,  578
  415,  579
  415,  580
  415,  581
  415,  582
  415,  583
  415,  584
  415,  585
  415,  586
  415,  587
  415,  588
  415,  589
  415,  590
  415,  591
  415,  592
  415,  593
  415,  594
  415,  595
  415,  596
  415,  597
  415,  598
  415,  599
  415,  600
  415,  601
  415,  602
  416,  602
  417,  602
  418,  602
  419,  602
  420,  602
  421,  602
  422,  602
  423,  602
  424,  602
  425,  602
  426,  602
  427,  602
  428,  602
  429,  602
  430,  602
  431,  602
  432,  602
  433,  602
  434,  602
  435,  602
  436,  602
  437,  602
  438,  602
  439,  602
  440,  602
  441,  602
  442,  602
  443,  602
  444,  602
  445,  602
  446,  602
  447,  602
  448,  602
  449,  602
  450,  602
  451,  602
  452,  602
  453,  602
  454,  602
  455,  602
  456,  602
  457,  602
  458,  602
  459,  602
  460,  602
  461,  602
  462,  602
  463,  602
  464,  602
  465,  602
  466,  602
  467,  602
  468,  602
  469,  602
  470,  602
  471,  602
  472,  602
  473,  602
  474,  602
  475,  602
  476,  602
  477,  602
  478,  602
  479,  602
  480,  602
  481,  602
  482,  602
  483,  602
  484,  602
  485,  602
  486,  602
  487,  602
  488,  602
  489,  602
  490,  602
  491,  602
  492,  602
  493,  602
  494,  602
  495,  602
  496,  602
  497,  602
  498,  602
  499,  602
  500,  602
  501,  602
  502,  602
  503,  602
  504,  602
  505,  602
  506,  602
  507,  602
  508,  602
  509,  602
  510,  602
  511,  602
  512,  602
  513,  602
  514,  602
  515,  602
  516,  602
  517,  602
  518,  602
  519,  602
  520,  602
  521,  602
  522,  602
  523,  602
  524,  602
  525,  602
  526,  602
  527,  602
  528,  602
  529,  602
  530,  602
  531,  602
  532,  602
  533,  602
  534,  602
  535,  602
  536,  602
  537,  602
  538,  602
  539,  602
  540,  602
  541,  602
  542,  602
  543,  602
  544,  602
  545,  602
  546,  602
  547,  602
  548,  602
  549,  602
  550,  602
  551,  602
  552,  602
  553,  602
  554,  602
  555,  602
  556,  602
  557,  602
  558,  602
  559,  602
  560,  602
  561,  602
  562,  602
  563,  602
  564,  602
  565,  602
  566,  602
  567,  602
  568,  602
  569,  602
